program,dfs,bfs,random-path,nurs_covnew,nurs_md2u,nurs_qc,default,best_searcher,coverage_gap
train_00078,965,1008,1008,1008,1008,1008,1008,bfs/default/nurs_covnew/nurs_md2u/nurs_qc/random-path,43
train_00088,956,1003,1035,1023,1023,1023,1027,random-path,79
train_00097,1000,1051,1053,1058,1058,1058,1058,default/nurs_covnew/nurs_md2u/nurs_qc,58
train_00098,947,1034,1034,1034,1034,1034,1034,bfs/default/nurs_covnew/nurs_md2u/nurs_qc/random-path,87
train_00292,1000,1024,1024,1024,1024,1024,1024,bfs/default/nurs_covnew/nurs_md2u/nurs_qc/random-path,24
train_00408,1011,1038,1031,1023,1023,1014,1031,bfs,27
train_00495,1108,1108,1108,1094,1094,1066,1108,bfs/default/dfs/random-path,42
train_00497,993,997,997,997,997,997,997,bfs/default/nurs_covnew/nurs_md2u/nurs_qc/random-path,4
train_00498,1064,1068,1068,1006,1006,1006,1010,bfs/random-path,62
train_00550,1572,1572,1572,1529,1529,1529,1572,bfs/default/dfs/random-path,43
train_00598,1038,1042,1042,1042,1042,1042,1042,bfs/default/nurs_covnew/nurs_md2u/nurs_qc/random-path,4
train_00624,997,1001,1001,1001,1001,1001,1001,bfs/default/nurs_covnew/nurs_md2u/nurs_qc/random-path,4
train_00727,1042,1049,1010,1010,1010,1010,1010,bfs,39
train_00914,939,945,945,945,945,945,945,bfs/default/nurs_covnew/nurs_md2u/nurs_qc/random-path,6
train_00919,1052,1054,1059,1055,1055,1054,1059,default/random-path,7
train_01033,950,993,993,993,993,993,993,bfs/default/nurs_covnew/nurs_md2u/nurs_qc/random-path,43
train_01040,1077,1077,1077,1074,1074,1060,1077,bfs/default/dfs/random-path,17
train_01124,1042,1044,1044,1044,1044,1044,1044,bfs/default/nurs_covnew/nurs_md2u/nurs_qc/random-path,2
train_01129,1005,1027,1027,1027,1027,1027,1027,bfs/default/nurs_covnew/nurs_md2u/nurs_qc/random-path,22
train_01143,946,990,990,990,990,990,990,bfs/default/nurs_covnew/nurs_md2u/nurs_qc/random-path,44
train_01176,987,1011,1011,1011,1011,1011,1011,bfs/default/nurs_covnew/nurs_md2u/nurs_qc/random-path,24
train_01250,1042,1046,1081,1037,1037,1047,1072,random-path,44
train_01385,1001,957,1001,1001,1001,1001,1001,default/dfs/nurs_covnew/nurs_md2u/nurs_qc/random-path,44
train_01444,1069,1073,1073,1073,1073,1073,1073,bfs/default/nurs_covnew/nurs_md2u/nurs_qc/random-path,4
train_01449,966,1013,1013,1013,1013,1013,1013,bfs/default/nurs_covnew/nurs_md2u/nurs_qc/random-path,47
train_01552,935,989,989,989,989,989,989,bfs/default/nurs_covnew/nurs_md2u/nurs_qc/random-path,54
train_01669,983,993,993,993,993,993,993,bfs/default/nurs_covnew/nurs_md2u/nurs_qc/random-path,10
train_01758,933,980,1021,1021,1021,1021,1021,default/nurs_covnew/nurs_md2u/nurs_qc/random-path,88
train_01801,1260,1251,1267,1179,1179,1196,1252,random-path,88
train_01955,1019,1041,1062,1030,1030,1030,1062,default/random-path,43
train_01959,959,951,966,966,966,966,966,default/nurs_covnew/nurs_md2u/nurs_qc/random-path,15
train_02069,1000,1071,1180,1180,1180,1180,1180,default/nurs_covnew/nurs_md2u/nurs_qc/random-path,180
train_02321,1005,1033,1033,1033,1033,1033,1033,bfs/default/nurs_covnew/nurs_md2u/nurs_qc/random-path,28
train_02373,985,987,987,987,987,987,987,bfs/default/nurs_covnew/nurs_md2u/nurs_qc/random-path,2
train_02427,1022,1034,1034,1034,1034,1034,1034,bfs/default/nurs_covnew/nurs_md2u/nurs_qc/random-path,12
train_02481,990,991,991,991,991,991,991,bfs/default/nurs_covnew/nurs_md2u/nurs_qc/random-path,1
train_02579,1244,1195,1195,1155,1161,1160,1195,dfs,89
train_02688,1061,1061,1061,1050,1050,1040,1061,bfs/default/dfs/random-path,21
train_02690,1004,1019,1020,1023,1023,1023,1023,default/nurs_covnew/nurs_md2u/nurs_qc,19
train_02787,1063,1165,1165,1165,1165,1165,1165,bfs/default/nurs_covnew/nurs_md2u/nurs_qc/random-path,102
train_02788,1008,1072,1072,1072,1072,1072,1072,bfs/default/nurs_covnew/nurs_md2u/nurs_qc/random-path,64
train_02891,1032,1015,1032,1004,1004,1011,1011,dfs/random-path,28
train_02892,1051,1157,1250,1045,1044,1044,1099,random-path,206
train_02901,1009,1046,1046,1046,1046,1046,1046,bfs/default/nurs_covnew/nurs_md2u/nurs_qc/random-path,37
train_02902,995,999,1018,1018,1018,1018,1018,default/nurs_covnew/nurs_md2u/nurs_qc/random-path,23
train_03112,1110,959,959,959,959,959,960,dfs,151
train_03157,1013,1073,1073,1073,1073,1073,1073,bfs/default/nurs_covnew/nurs_md2u/nurs_qc/random-path,60
train_03208,1003,1007,1007,1007,1007,1007,1007,bfs/default/nurs_covnew/nurs_md2u/nurs_qc/random-path,4
train_03217,1006,1049,1049,1049,1049,1049,1049,bfs/default/nurs_covnew/nurs_md2u/nurs_qc/random-path,43
train_03311,1041,1042,1042,1042,1042,1042,1042,bfs/default/nurs_covnew/nurs_md2u/nurs_qc/random-path,1
train_03322,1013,1083,1083,1083,1083,1083,1083,bfs/default/nurs_covnew/nurs_md2u/nurs_qc/random-path,70
train_03467,1020,960,960,960,960,960,960,dfs,60
train_03528,1037,985,985,989,989,989,989,dfs,52
train_03631,978,982,995,995,995,995,995,default/nurs_covnew/nurs_md2u/nurs_qc/random-path,17
train_03677,984,994,994,994,994,994,994,bfs/default/nurs_covnew/nurs_md2u/nurs_qc/random-path,10
train_03726,967,945,967,967,967,967,967,default/dfs/nurs_covnew/nurs_md2u/nurs_qc/random-path,22
train_03733,1004,1015,1015,1015,1015,1015,1015,bfs/default/nurs_covnew/nurs_md2u/nurs_qc/random-path,11
train_03885,1044,1045,1045,1045,1045,1045,1045,bfs/default/nurs_covnew/nurs_md2u/nurs_qc/random-path,1
train_03946,975,1022,1033,1023,1020,1023,1033,default/random-path,58
train_04047,1001,1007,1007,1007,1007,1007,1007,bfs/default/nurs_covnew/nurs_md2u/nurs_qc/random-path,6
train_04049,956,1004,1004,1004,1004,1004,1004,bfs/default/nurs_covnew/nurs_md2u/nurs_qc/random-path,48
train_04257,1136,1074,1074,1132,1132,1132,1080,dfs,62
train_04259,988,1139,1174,1165,1165,1165,1174,default/random-path,186
train_04351,1058,1094,1094,1094,1094,1094,1094,bfs/default/nurs_covnew/nurs_md2u/nurs_qc/random-path,36
train_04370,1239,1239,1239,1055,1055,1055,1239,bfs/default/dfs/random-path,184
train_04464,1079,0,0,0,0,0,0,dfs,1079
train_04511,994,1009,1009,1009,1009,1009,1009,bfs/default/nurs_covnew/nurs_md2u/nurs_qc/random-path,15
train_04559,1004,1010,1010,1006,1006,1006,1010,bfs/default/random-path,6
train_04561,977,971,919,919,940,967,929,dfs,58
train_04571,1008,1008,1004,988,988,990,1004,bfs/dfs,20
train_04584,949,957,973,973,973,973,973,default/nurs_covnew/nurs_md2u/nurs_qc/random-path,24
train_04663,1082,1099,1099,1095,1095,1089,1099,bfs/default/random-path,17
train_04666,960,960,960,960,960,961,960,nurs_qc,1
train_04669,991,996,996,996,996,996,996,bfs/default/nurs_covnew/nurs_md2u/nurs_qc/random-path,5
train_04688,954,1024,954,954,954,954,963,bfs,70
train_04880,1016,1039,1039,1039,1039,1039,1039,bfs/default/nurs_covnew/nurs_md2u/nurs_qc/random-path,23
train_04988,1126,1293,1297,1292,1292,1292,1297,default/random-path,171
train_05184,1005,1009,1009,950,949,950,1009,bfs/default/random-path,60
train_05188,986,988,988,988,988,988,988,bfs/default/nurs_covnew/nurs_md2u/nurs_qc/random-path,2
train_05290,0,0,0,0,984,0,0,nurs_md2u,984
train_05297,965,1024,1094,1094,1094,1077,1094,default/nurs_covnew/nurs_md2u/random-path,129
train_05398,1045,1061,1061,1061,1061,1061,1061,bfs/default/nurs_covnew/nurs_md2u/nurs_qc/random-path,16
train_05507,963,974,974,974,974,974,974,bfs/default/nurs_covnew/nurs_md2u/nurs_qc/random-path,11
train_05603,1134,1134,1138,1124,1120,1134,1134,random-path,18
train_05609,1196,1216,1246,1267,1267,1267,1250,nurs_covnew/nurs_md2u/nurs_qc,71
train_05706,1221,1221,1221,1217,1217,1217,1221,bfs/default/dfs/random-path,4
train_05816,933,1012,948,939,939,939,954,bfs,79
train_05923,990,1015,1015,1015,1015,1015,1015,bfs/default/nurs_covnew/nurs_md2u/nurs_qc/random-path,25
train_05924,994,1005,1016,1016,1016,1016,1016,default/nurs_covnew/nurs_md2u/nurs_qc/random-path,22
train_06019,1011,979,952,939,939,939,942,dfs,72
train_06028,1058,1109,1048,1015,1015,1012,1044,bfs,97
train_06029,940,991,991,991,991,991,991,bfs/default/nurs_covnew/nurs_md2u/nurs_qc/random-path,51
train_06072,1021,1141,1141,1141,1141,1141,1141,bfs/default/nurs_covnew/nurs_md2u/nurs_qc/random-path,120
train_06120,1236,1236,1236,1193,1193,1236,1236,bfs/default/dfs/nurs_qc/random-path,43
train_06236,1028,985,1028,1028,1028,1028,1028,default/dfs/nurs_covnew/nurs_md2u/nurs_qc/random-path,43
train_06334,1034,1034,1064,1066,1066,1065,1066,default/nurs_covnew/nurs_md2u,32
train_06442,971,1032,1045,1045,1045,1045,1045,default/nurs_covnew/nurs_md2u/nurs_qc/random-path,74
train_06445,968,988,1014,1014,1014,1014,1014,default/nurs_covnew/nurs_md2u/nurs_qc/random-path,46
train_06457,946,950,954,954,954,954,954,default/nurs_covnew/nurs_md2u/nurs_qc/random-path,8
train_06544,1023,1051,1051,1051,1051,1051,1051,bfs/default/nurs_covnew/nurs_md2u/nurs_qc/random-path,28
train_06639,1009,947,965,961,975,961,955,dfs,62
train_06640,984,994,994,994,994,994,994,bfs/default/nurs_covnew/nurs_md2u/nurs_qc/random-path,10
train_06762,1020,1031,1031,999,999,1009,1002,bfs/random-path,32
train_06856,988,999,999,999,999,999,999,bfs/default/nurs_covnew/nurs_md2u/nurs_qc/random-path,11
train_06962,949,992,992,992,992,992,992,bfs/default/nurs_covnew/nurs_md2u/nurs_qc/random-path,43
train_06969,1000,1027,1027,1027,1027,1027,1027,bfs/default/nurs_covnew/nurs_md2u/nurs_qc/random-path,27
train_07008,989,1041,1041,1041,1041,1041,1041,bfs/default/nurs_covnew/nurs_md2u/nurs_qc/random-path,52
train_07068,1047,1065,1056,1056,1056,1056,1056,bfs,18
train_07265,1277,1277,1230,1147,1147,1095,1165,bfs/dfs,182
train_07272,950,990,964,955,955,956,963,bfs,40
train_07277,1051,1045,1045,1045,1045,1045,1045,dfs,6
train_07371,986,986,975,955,956,936,960,bfs/dfs,50
train_07471,1005,1007,1007,1007,1007,1007,1007,bfs/default/nurs_covnew/nurs_md2u/nurs_qc/random-path,2
train_07577,1018,1038,1066,962,962,973,1032,random-path,104
train_07688,1015,1019,1019,1019,1019,1019,1019,bfs/default/nurs_covnew/nurs_md2u/nurs_qc/random-path,4
train_07692,1006,1069,1084,1084,1084,1084,1084,default/nurs_covnew/nurs_md2u/nurs_qc/random-path,78
train_07736,949,1006,951,950,950,950,954,bfs,57
train_07788,1040,980,1014,992,992,992,1006,dfs,60
train_07798,946,989,989,989,989,989,989,bfs/default/nurs_covnew/nurs_md2u/nurs_qc/random-path,43
train_07799,990,1075,1075,1075,1075,1075,1075,bfs/default/nurs_covnew/nurs_md2u/nurs_qc/random-path,85
train_07806,967,942,942,942,942,942,942,dfs,25
train_07942,988,995,995,995,995,995,995,bfs/default/nurs_covnew/nurs_md2u/nurs_qc/random-path,7
train_07991,1048,1048,1053,1053,1053,1053,1053,default/nurs_covnew/nurs_md2u/nurs_qc/random-path,5
train_07993,1092,1096,1096,1096,1096,1096,1096,bfs/default/nurs_covnew/nurs_md2u/nurs_qc/random-path,4
train_08004,1035,962,1035,1035,1035,1035,1035,default/dfs/nurs_covnew/nurs_md2u/nurs_qc/random-path,73
train_08099,1098,1232,1228,1094,1094,1094,1174,bfs,138
train_08108,983,993,1024,1024,1024,1024,1024,default/nurs_covnew/nurs_md2u/nurs_qc/random-path,41
train_08209,984,1054,1058,1058,1058,1058,1058,default/nurs_covnew/nurs_md2u/nurs_qc/random-path,74
train_08305,991,939,942,944,944,942,951,dfs,52
train_08310,1002,953,988,976,976,1002,969,dfs/nurs_qc,49
train_08409,1023,1027,1027,1027,1027,1027,1027,bfs/default/nurs_covnew/nurs_md2u/nurs_qc/random-path,4
train_08420,967,1054,1054,1006,1006,1006,1054,bfs/default/random-path,87
train_08516,987,1026,1015,1004,1004,994,995,bfs,39
train_08526,989,946,989,989,989,989,989,default/dfs/nurs_covnew/nurs_md2u/nurs_qc/random-path,43
train_08617,955,1042,1042,1042,1042,1042,1042,bfs/default/nurs_covnew/nurs_md2u/nurs_qc/random-path,87
train_08622,1067,1067,1067,1067,1067,1067,1005,bfs/dfs/nurs_covnew/nurs_md2u/nurs_qc/random-path,62
train_08628,984,993,1136,1136,1136,1136,1136,default/nurs_covnew/nurs_md2u/nurs_qc/random-path,152
train_08641,1060,1060,1060,981,984,982,1060,bfs/default/dfs/random-path,79
train_08723,1010,1014,1015,1014,1014,1014,1018,default,8
train_08724,1002,1015,1015,1000,1000,1000,1015,bfs/default/random-path,15
train_08726,1009,1031,1031,1031,1031,1031,1031,bfs/default/nurs_covnew/nurs_md2u/nurs_qc/random-path,22
train_08827,999,1203,1203,1043,1043,1043,1043,bfs/random-path,204
train_08879,990,1025,1025,1025,1025,1025,1025,bfs/default/nurs_covnew/nurs_md2u/nurs_qc/random-path,35
train_08939,1119,1215,1215,1215,1215,1215,1215,bfs/default/nurs_covnew/nurs_md2u/nurs_qc/random-path,96
train_09042,990,1094,1108,1088,1088,1104,1108,default/random-path,118
train_09089,1231,1235,1235,1235,1235,1235,1235,bfs/default/nurs_covnew/nurs_md2u/nurs_qc/random-path,4
train_09137,1019,1033,1033,1012,1012,1018,1033,bfs/default/random-path,21
train_09158,987,989,989,989,989,989,989,bfs/default/nurs_covnew/nurs_md2u/nurs_qc/random-path,2
train_09190,997,1015,1015,1015,1015,1015,1015,bfs/default/nurs_covnew/nurs_md2u/nurs_qc/random-path,18
train_09454,1001,1029,1029,1029,1029,1029,1029,bfs/default/nurs_covnew/nurs_md2u/nurs_qc/random-path,28
train_09556,1148,1157,1192,1213,1213,1213,1213,default/nurs_covnew/nurs_md2u/nurs_qc,65
train_09557,1011,998,1017,1017,1017,1017,1017,default/nurs_covnew/nurs_md2u/nurs_qc/random-path,19
train_09562,1004,1011,1011,1011,1011,1011,1011,bfs/default/nurs_covnew/nurs_md2u/nurs_qc/random-path,7
train_09563,1066,1066,973,973,973,973,973,bfs/dfs,93
train_09564,1021,969,978,978,978,978,978,dfs,52
train_09658,991,995,995,995,995,995,995,bfs/default/nurs_covnew/nurs_md2u/nurs_qc/random-path,4
train_09773,1027,984,1027,1027,1027,1027,1027,default/dfs/nurs_covnew/nurs_md2u/nurs_qc/random-path,43
train_09922,943,937,951,951,951,951,951,default/nurs_covnew/nurs_md2u/nurs_qc/random-path,14
train_09976,991,995,995,995,995,995,995,bfs/default/nurs_covnew/nurs_md2u/nurs_qc/random-path,4
train_09984,1050,1024,1093,1093,1093,1093,1093,default/nurs_covnew/nurs_md2u/nurs_qc/random-path,69
train_10076,1006,1012,1012,1008,1008,1012,1012,bfs/default/nurs_qc/random-path,6
train_10083,1021,1030,1030,1026,1026,1026,1030,bfs/default/random-path,9
train_10086,949,982,1006,1006,1006,1006,1006,default/nurs_covnew/nurs_md2u/nurs_qc/random-path,57
train_10188,1003,1003,1003,1013,1009,1011,1003,nurs_covnew,10
train_10205,938,949,949,949,949,949,949,bfs/default/nurs_covnew/nurs_md2u/nurs_qc/random-path,11
train_10402,967,1023,1175,1175,1175,1175,1175,default/nurs_covnew/nurs_md2u/nurs_qc/random-path,208
train_10595,1027,1029,1029,1029,1029,1029,1029,bfs/default/nurs_covnew/nurs_md2u/nurs_qc/random-path,2
train_10715,1066,1070,1070,1070,1070,1070,1070,bfs/default/nurs_covnew/nurs_md2u/nurs_qc/random-path,4
train_10807,1094,951,985,973,973,973,964,dfs,143
train_10913,1018,1065,1065,1065,1065,1065,1065,bfs/default/nurs_covnew/nurs_md2u/nurs_qc/random-path,47
train_11015,1087,1089,1089,1089,1089,1089,1089,bfs/default/nurs_covnew/nurs_md2u/nurs_qc/random-path,2
train_11036,987,981,992,992,992,992,992,default/nurs_covnew/nurs_md2u/nurs_qc/random-path,11
train_11127,957,972,1043,1043,1043,1043,1043,default/nurs_covnew/nurs_md2u/nurs_qc/random-path,86
train_11221,1013,1013,1016,980,978,983,1015,random-path,38
train_11439,947,1007,1085,1085,1085,1085,1085,default/nurs_covnew/nurs_md2u/nurs_qc/random-path,138
train_11442,957,1023,1023,1023,1023,1023,1023,bfs/default/nurs_covnew/nurs_md2u/nurs_qc/random-path,66
train_11451,973,977,1021,1021,1021,1021,1021,default/nurs_covnew/nurs_md2u/nurs_qc/random-path,48
train_11483,1034,0,0,0,0,0,0,dfs,1034
train_11535,941,951,948,946,946,946,951,bfs/default,10
train_11542,1081,1017,1058,1018,1018,1022,1040,dfs,64
train_11555,946,985,985,985,985,985,985,bfs/default/nurs_covnew/nurs_md2u/nurs_qc/random-path,39
train_11590,985,989,989,989,989,989,989,bfs/default/nurs_covnew/nurs_md2u/nurs_qc/random-path,4
train_11650,951,961,961,961,961,961,961,bfs/default/nurs_covnew/nurs_md2u/nurs_qc/random-path,10
train_11741,1049,1014,1030,1026,1047,1012,1051,default,39
train_11743,961,1039,1058,1058,1058,1052,1058,default/nurs_covnew/nurs_md2u/random-path,97
train_11759,975,1042,1081,1081,1081,1081,1081,default/nurs_covnew/nurs_md2u/nurs_qc/random-path,106
train_11864,1041,1111,1111,1132,1132,1186,1111,nurs_qc,145
train_11958,1052,1047,1033,1033,1033,1035,1033,dfs,19
train_12061,1118,1118,1118,1030,1030,1066,1070,bfs/dfs/random-path,88
train_12107,986,990,990,990,990,990,990,bfs/default/nurs_covnew/nurs_md2u/nurs_qc/random-path,4
train_12163,982,1015,1015,1015,1015,1015,1015,bfs/default/nurs_covnew/nurs_md2u/nurs_qc/random-path,33
train_12164,965,1029,997,969,969,975,980,bfs,64
train_12212,1196,1191,1050,1051,1051,1051,1050,dfs,146
train_12267,1018,1030,1030,1030,1030,1030,1030,bfs/default/nurs_covnew/nurs_md2u/nurs_qc/random-path,12
train_12370,950,1020,1020,1020,1020,1020,1020,bfs/default/nurs_covnew/nurs_md2u/nurs_qc/random-path,70
train_12377,948,990,998,998,998,998,998,default/nurs_covnew/nurs_md2u/nurs_qc/random-path,50
train_12378,1107,1115,1171,1171,1171,1171,1177,default,70
train_12391,936,943,943,943,943,943,943,bfs/default/nurs_covnew/nurs_md2u/nurs_qc/random-path,7
train_12482,1009,981,1030,1025,1025,1025,1030,default/random-path,49
train_12733,976,930,976,976,976,976,976,default/dfs/nurs_covnew/nurs_md2u/nurs_qc/random-path,46
train_12891,1287,1267,1072,1088,1088,1088,1075,dfs,215
train_12898,943,961,969,969,969,969,969,default/nurs_covnew/nurs_md2u/nurs_qc/random-path,26
train_13203,1016,1024,1024,1024,1024,1024,1024,bfs/default/nurs_covnew/nurs_md2u/nurs_qc/random-path,8
train_13208,946,948,952,952,952,952,952,default/nurs_covnew/nurs_md2u/nurs_qc/random-path,6
train_13211,997,1001,1042,1042,1042,1042,1042,default/nurs_covnew/nurs_md2u/nurs_qc/random-path,45
train_13317,1001,958,1025,962,962,962,1025,default/random-path,67
