timestamp_iso,elapsed_sec,func_covered,func_total,func_percent,line_covered,line_total,line_percent,region_covered,region_total,region_percent,branch_covered,branch_total,branch_percent,inst_covered,inst_total,inst_percent
2026-02-08T07:35:44.291058+00:00,0.000000,0,411,0.00,0,14070,0.00,0,11996,0.00,0,7802,0.00,0,411,0.00
2026-02-08T07:37:47.557912+00:00,123.266854,101,411,24.57,1887,14070,13.41,1475,11996,12.30,643,7802,8.24,101,411,24.57
2026-02-08T07:37:48.063899+00:00,123.772840,109,411,26.52,2076,14070,14.75,1679,11996,14.00,729,7802,9.34,109,411,26.52
2026-02-08T07:37:48.187896+00:00,123.896837,109,411,26.52,2080,14070,14.78,1681,11996,14.01,731,7802,9.37,109,411,26.52
2026-02-08T07:37:48.434889+00:00,124.143831,109,411,26.52,2083,14070,14.80,1685,11996,14.05,735,7802,9.42,109,411,26.52
2026-02-08T07:37:48.435889+00:00,124.144831,110,411,26.76,2107,14070,14.98,1697,11996,14.15,741,7802,9.50,110,411,26.76
2026-02-08T07:37:48.436889+00:00,124.145831,158,411,38.44,3404,14070,24.19,2866,11996,23.89,1295,7802,16.60,158,411,38.44
2026-02-08T07:37:48.437889+00:00,124.146831,158,411,38.44,3404,14070,24.19,2866,11996,23.89,1295,7802,16.60,158,411,38.44
2026-02-08T07:37:48.438889+00:00,124.147831,158,411,38.44,3404,14070,24.19,2866,11996,23.89,1296,7802,16.61,158,411,38.44
2026-02-08T07:37:48.563886+00:00,124.272828,158,411,38.44,3437,14070,24.43,2891,11996,24.10,1310,7802,16.79,158,411,38.44
2026-02-08T07:37:48.687883+00:00,124.396825,158,411,38.44,3437,14070,24.43,2892,11996,24.11,1312,7802,16.82,158,411,38.44
2026-02-08T07:37:48.812880+00:00,124.521821,158,411,38.44,3441,14070,24.46,2896,11996,24.14,1315,7802,16.85,158,411,38.44
2026-02-08T07:37:48.936877+00:00,124.645818,158,411,38.44,3445,14070,24.48,2898,11996,24.16,1317,7802,16.88,158,411,38.44
2026-02-08T07:37:49.060874+00:00,124.769815,160,411,38.93,3503,14070,24.90,2937,11996,24.48,1340,7802,17.18,160,411,38.93
2026-02-08T07:37:49.062873+00:00,124.771815,160,411,38.93,3503,14070,24.90,2937,11996,24.48,1340,7802,17.18,160,411,38.93
2026-02-08T07:37:49.309867+00:00,125.018809,160,411,38.93,3517,14070,25.00,2949,11996,24.58,1353,7802,17.34,160,411,38.93
2026-02-08T07:37:49.311867+00:00,125.020809,160,411,38.93,3518,14070,25.00,2950,11996,24.59,1353,7802,17.34,160,411,38.93
2026-02-08T07:37:49.312867+00:00,125.021809,160,411,38.93,3519,14070,25.01,2951,11996,24.60,1355,7802,17.37,160,411,38.93
2026-02-08T07:37:49.436864+00:00,125.145806,160,411,38.93,3542,14070,25.17,2963,11996,24.70,1368,7802,17.53,160,411,38.93
2026-02-08T07:37:49.437864+00:00,125.146806,160,411,38.93,3543,14070,25.18,2964,11996,24.71,1370,7802,17.56,160,411,38.93
2026-02-08T07:37:49.562860+00:00,125.271802,160,411,38.93,3598,14070,25.57,3001,11996,25.02,1393,7802,17.85,160,411,38.93
2026-02-08T07:37:49.687857+00:00,125.396799,160,411,38.93,3599,14070,25.58,3002,11996,25.03,1394,7802,17.87,160,411,38.93
2026-02-08T07:37:49.812854+00:00,125.521796,160,411,38.93,3604,14070,25.61,3010,11996,25.09,1403,7802,17.98,160,411,38.93
2026-02-08T07:37:49.814854+00:00,125.523796,160,411,38.93,3613,14070,25.68,3018,11996,25.16,1409,7802,18.06,160,411,38.93
2026-02-08T07:37:49.815854+00:00,125.524796,160,411,38.93,3626,14070,25.77,3024,11996,25.21,1413,7802,18.11,160,411,38.93
2026-02-08T07:37:49.940851+00:00,125.649793,160,411,38.93,3640,14070,25.87,3039,11996,25.33,1420,7802,18.20,160,411,38.93
2026-02-08T07:37:49.942851+00:00,125.651793,160,411,38.93,3640,14070,25.87,3040,11996,25.34,1420,7802,18.20,160,411,38.93
2026-02-08T07:37:50.068848+00:00,125.777789,160,411,38.93,3640,14070,25.87,3040,11996,25.34,1420,7802,18.20,160,411,38.93
2026-02-08T07:37:50.069848+00:00,125.778789,160,411,38.93,3646,14070,25.91,3045,11996,25.38,1425,7802,18.26,160,411,38.93
2026-02-08T07:37:50.195844+00:00,125.904786,160,411,38.93,3662,14070,26.03,3058,11996,25.49,1434,7802,18.38,160,411,38.93
2026-02-08T07:37:50.321841+00:00,126.030783,160,411,38.93,3662,14070,26.03,3058,11996,25.49,1434,7802,18.38,160,411,38.93
2026-02-08T07:37:50.322841+00:00,126.031783,160,411,38.93,3662,14070,26.03,3058,11996,25.49,1435,7802,18.39,160,411,38.93
2026-02-08T07:37:50.324841+00:00,126.033783,160,411,38.93,3662,14070,26.03,3058,11996,25.49,1438,7802,18.43,160,411,38.93
2026-02-08T07:37:50.451838+00:00,126.160780,160,411,38.93,3682,14070,26.17,3074,11996,25.63,1446,7802,18.53,160,411,38.93
2026-02-08T07:37:50.577835+00:00,126.286776,160,411,38.93,3682,14070,26.17,3078,11996,25.66,1455,7802,18.65,160,411,38.93
2026-02-08T07:37:50.583835+00:00,126.292776,160,411,38.93,3682,14070,26.17,3078,11996,25.66,1455,7802,18.65,160,411,38.93
2026-02-08T07:37:50.586834+00:00,126.295776,160,411,38.93,3686,14070,26.20,3079,11996,25.67,1456,7802,18.66,160,411,38.93
2026-02-08T07:37:50.588835+00:00,126.297776,160,411,38.93,3686,14070,26.20,3079,11996,25.67,1456,7802,18.66,160,411,38.93
2026-02-08T07:37:50.714831+00:00,126.423773,160,411,38.93,3693,14070,26.25,3083,11996,25.70,1459,7802,18.70,160,411,38.93
2026-02-08T07:37:50.841828+00:00,126.550770,160,411,38.93,3696,14070,26.27,3084,11996,25.71,1460,7802,18.71,160,411,38.93
2026-02-08T07:37:50.965825+00:00,126.674767,160,411,38.93,3699,14070,26.29,3085,11996,25.72,1461,7802,18.73,160,411,38.93
2026-02-08T07:37:51.092822+00:00,126.801763,160,411,38.93,3710,14070,26.37,3093,11996,25.78,1467,7802,18.80,160,411,38.93
2026-02-08T07:37:51.101821+00:00,126.810763,160,411,38.93,3710,14070,26.37,3094,11996,25.79,1467,7802,18.80,160,411,38.93
2026-02-08T07:37:51.229818+00:00,126.938760,160,411,38.93,3714,14070,26.40,3095,11996,25.80,1468,7802,18.82,160,411,38.93
2026-02-08T07:37:51.358815+00:00,127.067756,160,411,38.93,3714,14070,26.40,3096,11996,25.81,1470,7802,18.84,160,411,38.93
